"name","standard","mean","median"
"T3_reading",0.347481742009901,0.858947368421053,0.9
"T4_reading",27.5165632701347,84.5789473684211,82
"TSH_reading",3.91165957668826,2.80831578947368,1.3
"FTI_reading",29.6702783932475,103.810526315789,105
"T4U_rate_reading",0.134171173116317,0.822105263157895,0.82
