"name","standard","mean","median"
"T3_reading",0.506732317513103,0.925367647058824,0.9
"T4_reading",32.7694985112641,98.1838235294118,92
"TSH_reading",16.7746542160674,5.23242647058824,1.65
"FTI_reading",35.8785404149802,116.683823529412,110
"T4U_rate_reading",0.134458973989372,0.845882352941176,0.85
