"name","standard","mean","median"
"T3_reading",0.257022578892606,0.866666666666667,1
"T4_reading",24.7398586507806,87.3333333333333,87
"TSH_reading",35.1153748917462,20.9158333333333,7.1
"FTI_reading",23.8645165782832,99.6666666666667,98.5
"T4U_rate_reading",0.16508950740294,0.88,0.905
