"presc_thyroxine","standard","mean","median"
0,0.456966907964521,0.899771689497717,0.9
1,0.257022578892606,0.866666666666667,1
0,31.724998914328,92.8767123287671,88
1,24.7398586507806,87.3333333333333,87
0,10.1973080641749,3.32150684931507,1.4
1,35.1153748917462,20.9158333333333,7.1
0,34.3882831720572,112.03196347032,109
1,23.8645165782832,99.6666666666667,98.5
0,0.132725558568037,0.833698630136986,0.83
1,0.16508950740294,0.88,0.905
