"name","standard","mean","median"
"T3_reading",0.456966907964521,0.899771689497717,0.9
"T4_reading",31.724998914328,92.8767123287671,88
"TSH_reading",10.1973080641749,3.32150684931507,1.4
"FTI_reading",34.3882831720572,112.03196347032,109
"T4U_rate_reading",0.132725558568037,0.833698630136986,0.83
