"name","count","mean","median"
"T3_reading",95,0.867368421052632,0.9
"T4_reading",95,84.5789473684211,82
"TSH_reading",95,2.80642105263158,1.3
"FTI_reading",95,103.221052631579,104
"T4U_rate_reading",95,0.824947368421053,0.82
