"type_de_traitement","proportion"
"thyroxine",5.19480519480519
"anthyroid",18.6147186147186
"chirurgie",22.9437229437229
"radioactive iodine",25.1082251082251
"lithium",7.35930735930736
"other",20.85
