"","r.squared","adj.r.squared","sigma","statistic","p.value","df","logLik","AIC","BIC","deviance","df.residual","nobs"
"1",0.195842846125669,0.0835341180462458,0.192426913172905,1.74379008181066,1.88383651563718e-13,337,810.574402144286,-943.148804288572,1063.63619466486,89.3488461116787,2413,2751
